{
  "rotation": [1.5707963267948966, 3.3415926535897933, -0.075],
  "position": [-10.0, -4.0, 0.25],
  "scale": [13.0, 13.0, 13.0],

  "spread": [0.001, 0.001],
  "recoil": [0.01, -0.02],
  "model": "1911.glb",
  "textures": "1911",

  "magazine": -1,
  "damage": 10,
  "ammo": -1,

  "bullet": {
    "position": [0.1, 0.1, 0.35],
    "lifeTime": 500.0,
    "speed": 253.0,
    "scale": 0.4
  },

  "fire": {
    "position": [1.5, 0.53],
    "particles": [3, 5],
    "velocity": 0.25,
    "scale": 1.0
  },

  "sounds": {
    "shoot": "weapons/1911.mp3"
  }
}