{
  "rotation": [1.7707963267948965, 3.061592653589793, -0.41],
  "worldScale": [0.005, 0.005, 0.005],
  "position": [-26, 1, -5.75],
  "scale": [0.29, 0.29, 0.29],

  "spread": [0.0025, 0.0025],
  "recoil": [0.025, -0.03],
  "model": "AK47.glb",
  "textures": "AK47",

  "maxStock": 150,
  "magazine": 30,
  "damage": 20,
  "ammo": 0,

  "bullet": {
    "position": [0.065, 0.13, 0.75],
    "lifeTime": 200.0,
    "speed": 670.0,
    "scale": 0.6
  },

  "fire": {
    "position": [160.0, 30.0],
    "scale": 2.5
  },

  "sounds": {
    "reload": "weapons/reload.mp3",
    "empty": "weapons/empty.mp3",
    "shoot": "weapons/AK47.mp3"
  }
}
