{
  "rotation": [1.5707963267948966, 3.3415926535897933, -0.075],
  "position": [-10.0, -4.0, 0.25],
  "scale": [13.0, 13.0, 13.0],

  "recoil": [0.01, -0.02],
  "spread": [0.01, 0.01],
  "model": "1911.glb",

  "speed": 255000,
  "magazine": -1,
  "damage": 10,
  "ammo": -1,

  "sounds": {
    "shoot": "1911.mp3"
  }
}