{
  "rotation": [1.7707963267948965, 3.061592653589793, -0.41],
  "worldScale": [0.005, 0.005, 0.005],
  "position": [-26, 1, -5.75],
  "scale": [0.29, 0.29, 0.29],

  "recoil": [0.025, -0.03],
  "spread": [0.025, 0.025],
  "model": "AK47.glb",

  "maxStock": 150,
  "speed": 715000,
  "magazine": 30,
  "damage": 20,
  "ammo": 30,

  "sounds": {
    "reload": "reload.mp3",
    "empty": "empty.mp3",
    "shoot": "AK47.mp3"
  }
}
